{"cameraMode":{"drawMode":0,"name":"Shaded","section":"Shading Mode"},"sceneLighting":true,"audioPlay":false,"sceneViewState":{"m_AlwaysRefresh":false,"showFog":true,"showSkybox":true,"showFlares":true,"showImageEffects":true,"showParticleSystems":true,"showVisualEffectGraphs":true,"m_FxEnabled":true},"in2DMode":false,"pivot":{"x":433.89019775390627,"y":72.40205383300781,"z":194.37136840820313},"rotation":{"x":-0.03268284350633621,"y":0.012527845799922943,"z":0.0008651554235257208,"w":0.9995542168617249},"size":0.7243393063545227,"orthographic":false}